Compound_code	Lower_99_Interval	Lower_95_Interval	Sim_Median	Upper_95_Interval	Upper_99_Interval
C05528	-5.222	-5.201	-5.087	-4.973	-4.952
C05527	0.0	0.0	0.0	0.0	0.0
C00027	-4.858	-4.829	-4.672	-4.515	-4.486
C02876	-0.479	-0.403	0.0	0.403	0.479
C16242	-0.582	-0.49	0.0	0.49	0.582
C16243	-0.582	-0.49	0.0	0.49	0.582
C06723	4.414	4.441	4.585	4.729	4.756
C00944	-4.748	-4.723	-4.585	-4.447	-4.422
C16595	4.405	4.433	4.585	4.737	4.765
C02430	-0.561	-0.472	0.0	0.472	0.561
C04332	-0.59	-0.497	0.0	0.497	0.59
C14819	-4.866	-4.84	-4.7	-4.56	-4.534
C14818	4.534	4.56	4.7	4.84	4.866
C00431	-5.354	-5.331	-5.209	-5.087	-5.064
C00437	1.438	1.527	2.0	2.473	2.562
C01451	4.414	4.441	4.585	4.729	4.756
C00438	-0.465	-0.391	0.0	0.391	0.465
C00826	4.628	4.656	4.807	4.958	4.986
C00534	0.0	0.0	0.0	0.0	0.0
C00469	4.996	5.017	5.129	5.241	5.262
C01181	-4.841	-4.815	-4.672	-4.529	-4.503
C04877	-0.584	-0.492	0.0	0.492	0.584
C04874	4.407	4.435	4.585	4.735	4.763
C01185	2.585	2.677	3.17	3.663	3.755
C15812	-0.585	-0.493	0.0	0.493	0.585
C15813	0.0	0.0	0.0	0.0	0.0
C15810	0.0	0.0	0.0	0.0	0.0
C15811	4.269	4.299	4.459	4.619	4.649
C15814	0.0	0.0	0.0	0.0	0.0
C15815	-0.481	-0.405	0.0	0.405	0.481
C16688	-0.6	-0.505	0.0	0.505	0.6
C05752	-0.581	-0.489	0.0	0.489	0.581
C00794	5.469	5.487	5.585	5.683	5.701
C05840	-0.586	-0.494	0.0	0.494	0.586
C00886	-4.755	-4.728	-4.585	-4.442	-4.415
C00506	4.952	4.973	5.087	5.201	5.222
C01233	4.391	4.422	4.585	4.748	4.779
C00226	4.996	5.017	5.129	5.241	5.262
C00222	0.0	0.0	0.0	0.0	0.0
C00221	4.299	4.329	4.4915	4.654	4.684
C00385	-0.516	-0.435	0.0	0.435	0.516
C00387	5.055	5.077	5.1895	5.302	5.324
C02504	2.152	2.238	2.696	3.154	3.24
C00229	0.424	0.515	1.0	1.485	1.576
C00499	4.536	4.562	4.7	4.838	4.864
C00380	0.0	0.0	0.0	0.0	0.0
C16396	5.24	5.259	5.358	5.457	5.476
C14463	0.0	0.0	0.0	0.0	0.0
C00546	-5.353	-5.33	-5.209	-5.088	-5.065
C16399	-5.476	-5.457	-5.358	-5.259	-5.24
C16217	-4.764	-4.736	-4.585	-4.434	-4.406
C02291	4.211	4.24	4.392	4.544	4.573
C00364	-0.59	-0.497	0.0	0.497	0.59
C00365	2.12	2.194	2.585	2.976	3.05
C00362	0.0	0.0	0.0	0.0	0.0
C16244	-0.574	-0.483	0.0	0.483	0.574
C00360	0.0	0.0	0.0	0.0	0.0
C00008	-3.537	-3.452	-3.0	-2.548	-2.463
C00007	4.486	4.515	4.672	4.829	4.858
C00006	-4.776	-4.746	-4.585	-4.424	-4.394
C00003	-3.59	-3.497	-3.0	-2.503	-2.41
C00002	4.014	4.094	4.524	4.954	5.034
C00369	-0.535	-0.45	0.0	0.45	0.535
C05703	-5.221	-5.2	-5.087	-4.974	-4.953
C06613	-1.391	-1.329	-1.0	-0.671	-0.609
C06507	-0.552	-0.465	0.0	0.465	0.552
C16619	-5.189	-5.166	-5.044	-4.922	-4.899
C11062	4.28	4.308	4.459	4.61	4.638
C02612	4.961	4.981	5.087	5.193	5.213
C16615	-4.704	-4.676	-4.524	-4.372	-4.344
C16614	4.344	4.372	4.524	4.676	4.704
C00645	-5.132	-5.111	-5.0	-4.889	-4.868
C00099	-3.103	-3.021	-2.585	-2.149	-2.067
C00311	-0.429	-0.361	0.0	0.361	0.429
C00310	-0.581	-0.49	0.0	0.49	0.581
C00641	-0.55	-0.463	0.0	0.463	0.55
C01931	-4.823	-4.795	-4.644	-4.493	-4.465
C00315	0.0	0.0	0.0	0.0	0.0
C00314	4.52	4.548	4.7	4.852	4.88
C00091	1.274	1.323	1.585	1.847	1.896
C00760	-0.521	-0.439	0.0	0.439	0.521
C00093	2.733	2.826	3.322	3.818	3.911
C00094	-0.199	-0.168	0.0	0.168	0.199
C00095	2.574	2.668	3.17	3.672	3.766
C00096	0.0	0.0	0.0	0.0	0.0
C00097	0.424	0.515	1.0	1.485	1.576
C14099	-5.262	-5.241	-5.129	-5.017	-4.996
C06311	-5.556	-5.535	-5.426	-5.317	-5.296
C00433	4.503	4.529	4.672	4.815	4.841
C14090	-5.262	-5.241	-5.129	-5.017	-4.996
C14095	4.414	4.441	4.585	4.729	4.756
C15667	4.51	4.54	4.7	4.86	4.89
C14096	-4.756	-4.729	-4.585	-4.441	-4.414
C02702	-4.686	-4.66	-4.524	-4.388	-4.362
C04732	-0.59	-0.497	0.0	0.497	0.59
C04734	0.0	0.0	0.0	0.0	0.0
C05172	4.437	4.465	4.6145	4.764	4.792
C11948	4.344	4.372	4.524	4.676	4.704
C11949	-4.704	-4.676	-4.524	-4.372	-4.344
C05775	-0.523	-0.441	0.0	0.441	0.523
C07118	4.344	4.372	4.524	4.676	4.704
C05773	-4.882	-4.854	-4.7	-4.546	-4.518
C05778	-0.468	-0.394	0.0	0.394	0.468
C05670	4.531	4.557	4.7	4.843	4.869
C00164	-2.83	-2.75	-2.322	-1.894	-1.814
C00166	0.612	0.673	1.0	1.327	1.388
C00167	-4.713	-4.683	-4.524	-4.365	-4.335
C00160	-0.54	-0.454	0.0	0.454	0.54
C03794	-0.418	-0.352	0.0	0.352	0.418
C00162	4.503	4.529	4.672	4.815	4.841
C00163	4.283	4.31	4.459	4.608	4.635
C02984	-4.691	-4.665	-4.524	-4.383	-4.357
C02987	-4.626	-4.6	-4.459	-4.318	-4.292
C00169	-2.148	-2.059	-1.585	-1.111	-1.022
C02047	-4.699	-4.672	-4.524	-4.376	-4.349
C03082	-0.55	-0.464	0.0	0.464	0.55
C04377	-4.693	-4.667	-4.524	-4.381	-4.355
C04376	-0.568	-0.479	0.0	0.479	0.568
C20396	5.505	5.523	5.615	5.707	5.725
C20258	0.482	0.564	1.0	1.436	1.518
C03089	0.0	0.0	0.0	0.0	0.0
C00860	-1.581	-1.49	-1.0	-0.51	-0.419
C00862	0.0	0.0	0.0	0.0	0.0
C02962	4.574	4.602	4.755	4.908	4.936
C00864	-0.566	-0.477	0.0	0.477	0.566
C04272	-0.5	-0.421	0.0	0.421	0.5
C04501	0.0	0.0	0.0	0.0	0.0
C00906	4.362	4.392	4.5545	4.717	4.747
C01419	2.596	2.687	3.17	3.653	3.744
C16186	-5.115	-5.093	-4.977	-4.861	-4.839
C01149	4.503	4.529	4.672	4.815	4.841
C01144	-2.004	-1.938	-1.585	-1.232	-1.166
C01146	-4.627	-4.601	-4.459	-4.317	-4.291
C04421	0.0	0.0	0.0	0.0	0.0
C01142	-4.546	-4.516	-4.357	-4.198	-4.168
C06510	-0.574	-0.483	0.0	0.483	0.574
C03561	4.533	4.559	4.7	4.841	4.867
C03402	-4.702	-4.674	-4.524	-4.374	-4.346
C03406	-4.777	-4.747	-4.585	-4.423	-4.393
C05512	0.486	0.567	1.0	1.433	1.514
C04181	0.0	0.0	0.0	0.0	0.0
C07645	4.405	4.433	4.585	4.737	4.765
C07648	4.344	4.372	4.524	4.676	4.704
C05519	0.0	0.0	0.0	0.0	0.0
C00327	-3.398	-3.305	-2.807	-2.309	-2.216
C00692	-0.579	-0.488	0.0	0.488	0.579
C02320	4.531	4.557	4.7	4.843	4.869
C02352	4.348	4.375	4.524	4.673	4.7
C02463	4.27	4.3	4.459	4.618	4.648
C05269	-4.58	-4.55	-4.392	-4.234	-4.204
C03232	-4.772	-4.743	-4.585	-4.427	-4.398
C18096	-4.936	-4.908	-4.755	-4.602	-4.574
C00269	2.755	2.844	3.322	3.8	3.889
C09814	4.385	4.412	4.5545	4.697	4.724
C11539	4.518	4.547	4.7	4.853	4.882
C11538	-4.699	-4.671	-4.524	-4.377	-4.349
C00263	-0.199	-0.168	0.0	0.168	0.199
C00262	-2.087	-2.008	-1.585	-1.162	-1.083
C13629	0.0	0.0	0.0	0.0	0.0
C16216	4.406	4.434	4.585	4.736	4.764
C00267	2.062	2.145	2.585	3.025	3.108
C00266	-4.763	-4.735	-4.585	-4.435	-4.407
C04494	-1.581	-1.489	-1.0	-0.511	-0.419
C00402	-4.639	-4.611	-4.459	-4.307	-4.279
C00460	4.416	4.447	4.6145	4.782	4.813
C00286	3.491	3.585	4.087	4.589	4.683
C00283	-3.004	-2.937	-2.585	-2.233	-2.166
C00282	-4.765	-4.737	-4.585	-4.433	-4.405
C00320	0.0	0.0	0.0	0.0	0.0
C01962	-4.573	-4.544	-4.392	-4.24	-4.211
C00088	0.0	0.0	0.0	0.0	0.0
C04691	-0.588	-0.495	0.0	0.495	0.588
C02218	-4.571	-4.543	-4.392	-4.241	-4.213
C05947	0.0	0.0	0.0	0.0	0.0
C05946	0.0	0.0	0.0	0.0	0.0
C01209	1.589	1.68	2.161	2.642	2.733
C00217	1.46	1.545	2.0	2.455	2.54
C00214	0.0	0.0	0.0	0.0	0.0
C00212	5.236	5.255	5.358	5.461	5.48
C00606	-1.991	-1.927	-1.585	-1.243	-1.179
C06399	-4.882	-4.854	-4.7	-4.546	-4.518
C05841	4.632	4.659	4.807	4.955	4.982
C00035	-1.561	-1.473	-1.0	-0.527	-0.439
C05844	-4.869	-4.843	-4.7	-4.557	-4.531
C00033	-4.273	-4.182	-3.7	-3.218	-3.127
C00031	2.415	2.507	3.0	3.493	3.585
C00136	-3.578	-3.514	-3.17	-2.826	-2.762
C00135	-0.584	-0.492	0.0	0.492	0.584
C00134	1.059	1.142	1.585	2.028	2.111
C00133	3.114	3.206	3.7	4.194	4.286
C00131	-0.343	-0.289	0.0	0.289	0.343
C00130	-0.526	-0.443	0.0	0.443	0.526
C05635	-4.841	-4.815	-4.672	-4.529	-4.503
C05634	4.503	4.529	4.672	4.815	4.841
C06112	0.0	0.0	0.0	0.0	0.0
C00043	0.59	0.655	1.0	1.345	1.41
C00041	1.906	1.993	2.4535	2.914	3.001
C00040	5.477	5.494	5.585	5.676	5.693
C00047	1.479	1.562	2.0	2.438	2.521
C00046	-3.904	-3.834	-3.459	-3.084	-3.014
C00044	1.006	1.097	1.585	2.073	2.164
C00049	-0.513	-0.432	0.0	0.432	0.513
C00048	-0.199	-0.168	0.0	0.168	0.199
C02642	-4.747	-4.717	-4.5545	-4.392	-4.362
C00149	-1.993	-1.929	-1.585	-1.241	-1.177
C06481	-0.59	-0.497	0.0	0.497	0.59
C20440	-0.577	-0.486	0.0	0.486	0.577
C06482	-4.792	-4.764	-4.6145	-4.465	-4.437
C04236	-4.752	-4.726	-4.585	-4.444	-4.418
C01101	4.504	4.53	4.672	4.814	4.84
C01100	-0.506	-0.426	0.0	0.426	0.506
C01103	-0.02	0.062	0.5	0.938	1.02
C01102	0.0	0.0	0.0	0.0	0.0
C05125	0.686	0.736	1.0	1.264	1.314
C03688	4.269	4.299	4.459	4.619	4.649
C06002	4.503	4.529	4.672	4.815	4.841
C06007	-0.5	-0.421	0.0	0.421	0.5
C06006	-0.571	-0.481	0.0	0.481	0.571
C00227	-0.056	-0.047	0.0	0.047	0.056
C16565	-4.626	-4.6	-4.459	-4.318	-4.292
C04633	-0.543	-0.457	0.0	0.457	0.543
C16255	-5.481	-5.462	-5.358	-5.254	-5.235
C00954	-5.228	-5.206	-5.087	-4.968	-4.946
C00957	-2.364	-2.307	-2.0	-1.693	-1.636
C05345	-3.566	-3.477	-3.0	-2.523	-2.434
C00818	-4.841	-4.815	-4.672	-4.529	-4.503
C00819	0.0	0.0	0.0	0.0	0.0
C00424	-4.76	-4.732	-4.585	-4.438	-4.41
C00429	4.362	4.392	4.5545	4.717	4.747
C00817	0.0	0.0	0.0	0.0	0.0
C03451	4.467	4.495	4.644	4.793	4.821
C01672	4.292	4.318	4.459	4.6	4.626
C00036	1.25	1.303	1.585	1.867	1.92
C05223	-0.581	-0.489	0.0	0.489	0.581
C00037	-0.542	-0.456	0.0	0.456	0.542
C15809	4.332	4.362	4.524	4.686	4.716
C16698	-5.222	-5.2	-5.087	-4.974	-4.952
C03912	0.0	0.0	0.0	0.0	0.0
C02512	4.531	4.557	4.7	4.843	4.869
C00253	-5.381	-5.36	-5.248	-5.136	-5.115
C00250	4.52	4.548	4.7	4.852	4.88
C00251	2.818	2.898	3.322	3.746	3.826
C00256	4.345	4.373	4.524	4.675	4.703
C05338	4.344	4.372	4.524	4.676	4.704
C00255	-1.092	-0.998	-0.5	-0.002	0.092
C05336	-4.507	-4.478	-4.322	-4.166	-4.137
C00392	4.975	4.996	5.108	5.22	5.241
C00258	-0.455	-0.383	0.0	0.383	0.455
C05335	2.419	2.511	3.0	3.489	3.581
C16596	-4.765	-4.737	-4.585	-4.433	-4.405
C04390	4.135	4.164	4.322	4.48	4.509
C01081	-4.767	-4.738	-4.585	-4.432	-4.403
C01083	4.414	4.441	4.585	4.729	4.756
C00559	-1.514	-1.433	-1.0	-0.567	-0.486
C00491	4.211	4.24	4.392	4.544	4.573
C00492	4.446	4.473	4.6145	4.756	4.783
C00493	-0.361	-0.304	0.0	0.304	0.361
C00555	4.503	4.529	4.672	4.815	4.841
C01089	4.291	4.317	4.459	4.601	4.627
C00498	-0.459	-0.387	0.0	0.387	0.459
C00882	-0.568	-0.478	0.0	0.478	0.568
C00881	4.336	4.366	4.524	4.682	4.712
C00078	4.386	4.418	4.585	4.752	4.784
C00079	-0.232	-0.195	0.0	0.195	0.232
C00072	4.839	4.861	4.977	5.093	5.115
C00073	2.9	2.988	3.459	3.93	4.018
C00071	-5.412	-5.392	-5.285	-5.178	-5.158
C00077	-0.579	-0.487	0.0	0.487	0.579
C00074	-0.53	-0.446	0.0	0.446	0.53
C00075	5.479	5.496	5.585	5.674	5.691
C04454	-4.783	-4.752	-4.585	-4.418	-4.387
C00039	0.0	0.0	0.0	0.0	0.0
C03127	-4.892	-4.862	-4.7	-4.538	-4.508
C00085	-0.562	-0.473	0.0	0.473	0.562
C00084	-2.847	-2.764	-2.322	-1.88	-1.797
C00083	-4.749	-4.658	-4.17	-3.682	-3.591
C00082	-0.217	-0.183	0.0	0.183	0.217
C00080	4.405	4.433	4.585	4.737	4.765
C16630	4.362	4.392	4.5545	4.717	4.747
C04640	-0.579	-0.488	0.0	0.488	0.579
C03175	-0.463	-0.39	0.0	0.39	0.463
C00089	5.038	5.059	5.17	5.281	5.302
C04646	-0.571	-0.481	0.0	0.481	0.571
C00670	4.391	4.422	4.585	4.748	4.779
C00671	-4.571	-4.543	-4.392	-4.241	-4.213
C00672	-0.571	-0.481	0.0	0.481	0.571
C00673	-3.918	-3.824	-3.322	-2.82	-2.726
C01251	-4.815	-4.788	-4.644	-4.5	-4.473
C01250	-0.499	-0.421	0.0	0.421	0.499
C01929	0.0	0.0	0.0	0.0	0.0
C05936	4.503	4.529	4.672	4.815	4.841
C00106	-0.564	-0.475	0.0	0.475	0.564
C00105	-0.361	-0.304	0.0	0.304	0.361
C00103	-0.561	-0.472	0.0	0.472	0.561
C00100	-0.489	-0.411	0.0	0.411	0.489
C00101	-3.286	-3.211	-2.807	-2.403	-2.328
C15556	-0.589	-0.496	0.0	0.496	0.589
C00109	-3.378	-3.288	-2.807	-2.326	-2.236
C04702	-0.585	-0.493	0.0	0.493	0.585
C00363	-4.779	-4.748	-4.585	-4.422	-4.391
C15980	0.0	0.0	0.0	0.0	0.0
C05764	-0.581	-0.489	0.0	0.489	0.581
C06899	4.405	4.433	4.585	4.737	4.765
C05761	-0.581	-0.489	0.0	0.489	0.581
C05760	-0.596	-0.502	0.0	0.502	0.596
C05763	-0.596	-0.502	0.0	0.502	0.596
C05762	-0.538	-0.453	0.0	0.453	0.538
C00361	-2.14	-2.052	-1.585	-1.118	-1.03
C00170	-0.285	-0.24	0.0	0.24	0.285
C02670	4.503	4.529	4.672	4.815	4.841
C02992	-4.581	-4.551	-4.392	-4.233	-4.203
C00179	-0.585	-0.493	0.0	0.493	0.585
C00178	0.0	0.0	0.0	0.0	0.0
C02995	-3.911	-3.818	-3.322	-2.826	-2.733
C00447	0.0	0.0	0.0	0.0	0.0
C03090	-0.503	-0.424	0.0	0.424	0.503
C04260	-5.312	-5.29	-5.17	-5.05	-5.028
C07086	-4.724	-4.697	-4.5545	-4.412	-4.385
C01077	4.532	4.558	4.7	4.842	4.868
C02972	4.406	4.434	4.585	4.736	4.764
C11434	0.0	0.0	0.0	0.0	0.0
C11435	-0.412	-0.347	0.0	0.347	0.412
C11436	-0.411	-0.346	0.0	0.346	0.411
C00857	0.42	0.511	1.0	1.489	1.58
C02412	-5.177	-5.156	-5.044	-4.932	-4.911
C00853	4.414	4.441	4.585	4.729	4.756
C01179	0.0	0.0	0.0	0.0	0.0
C04823	-0.587	-0.494	0.0	0.494	0.587
C01170	0.0	0.0	0.0	0.0	0.0
C04411	-3.081	-3.002	-2.585	-2.168	-2.089
C01172	-3.638	-3.564	-3.17	-2.776	-2.702
C00473	4.405	4.433	4.585	4.737	4.765
C03892	-4.648	-4.618	-4.459	-4.3	-4.27
C00681	-3.556	-3.468	-3.0	-2.532	-2.444
C00680	1.488	1.569	2.0	2.431	2.512
C04556	0.0	0.0	0.0	0.0	0.0
C02411	-4.756	-4.729	-4.585	-4.441	-4.414
C02839	-4.767	-4.738	-4.585	-4.432	-4.403
C04257	4.411	4.439	4.585	4.731	4.759
C00689	2.223	2.315	2.807	3.299	3.391
C05271	0.0	0.0	0.0	0.0	0.0
C05270	0.0	0.0	0.0	0.0	0.0
C02554	-4.812	-4.786	-4.644	-4.502	-4.476
C00512	-4.704	-4.676	-4.524	-4.372	-4.344
C16220	-0.589	-0.496	0.0	0.496	0.589
C00921	-0.576	-0.485	0.0	0.485	0.576
C04294	4.333	4.363	4.524	4.685	4.715
C00458	4.041	4.126	4.585	5.044	5.129
C04895	-4.767	-4.739	-4.585	-4.431	-4.403
C04896	-0.574	-0.484	0.0	0.484	0.574
C00376	-4.765	-4.737	-4.585	-4.433	-4.405
C04488	-5.219	-5.198	-5.087	-4.976	-4.955
C00455	4.407	4.435	4.585	4.735	4.763
C01697	5.296	5.317	5.426	5.535	5.556
C15972	2.41	2.503	3.0	3.497	3.59
C16618	-0.581	-0.49	0.0	0.49	0.581
C00330	4.632	4.659	4.807	4.955	4.982
C00332	-0.361	-0.304	0.0	0.304	0.361
C00334	-0.534	-0.45	0.0	0.45	0.534
C00337	-0.51	-0.43	0.0	0.43	0.51
C05699	4.211	4.24	4.392	4.544	4.573
C04688	-0.589	-0.496	0.0	0.496	0.589
C04122	-1.598	-1.504	-1.0	-0.496	-0.402
C00636	0.0	0.0	0.0	0.0	0.0
C00637	4.503	4.529	4.672	4.815	4.841
C00630	4.477	4.503	4.644	4.785	4.811
C00631	-0.056	-0.047	0.0	0.047	0.056
C02527	0.0	0.0	0.0	0.0	0.0
C16221	-0.596	-0.502	0.0	0.502	0.596
C00208	5.244	5.262	5.358	5.454	5.472
C01001	0.0	0.0	0.0	0.0	0.0
C05985	4.503	4.529	4.672	4.815	4.841
C00204	-1.373	-1.314	-1.0	-0.686	-0.627
C01212	-1.534	-1.45	-1.0	-0.55	-0.466
C07490	-4.765	-4.737	-4.585	-4.433	-4.405
C01217	4.955	4.976	5.087	5.198	5.219
C00025	-0.523	-0.44	0.0	0.44	0.523
C00024	-0.529	-0.445	0.0	0.445	0.529
C00148	1.099	1.176	1.585	1.994	2.071
C00026	-0.52	-0.438	0.0	0.438	0.52
C00021	-0.54	-0.455	0.0	0.455	0.54
C00020	-1.273	-1.23	-1.0	-0.77	-0.727
C00022	-1.043	-0.957	-0.5	-0.043	0.043
C00143	1.178	1.242	1.585	1.928	1.992
C00140	4.398	4.427	4.585	4.743	4.772
C00141	2.281	2.364	2.807	3.25	3.333
C00029	3.03	3.118	3.585	4.052	4.14
C00147	-0.455	-0.383	0.0	0.383	0.455
C00144	-4.877	-4.789	-4.322	-3.855	-3.767
C03740	-4.869	-4.843	-4.7	-4.557	-4.531
C01079	-4.863	-4.837	-4.7	-4.563	-4.537
C05748	-0.596	-0.502	0.0	0.502	0.596
C05807	4.413	4.44	4.585	4.73	4.757
C05729	2.596	2.687	3.17	3.653	3.744
C04631	-0.561	-0.472	0.0	0.472	0.561
C11437	-0.199	-0.168	0.0	0.168	0.199
C00644	-3.483	-3.391	-2.9035	-2.416	-2.324
C06319	0.0	0.0	0.0	0.0	0.0
C02739	-2.792	-2.718	-2.322	-1.926	-1.852
C00647	0.0	0.0	0.0	0.0	0.0
C05726	-5.302	-5.281	-5.17	-5.059	-5.038
C00705	-3.144	-3.056	-2.585	-2.114	-2.026
C06250	-4.376	-4.286	-3.807	-3.328	-3.238
C01242	0.0	0.0	0.0	0.0	0.0
C02631	0.0	0.0	0.0	0.0	0.0
C02637	0.0	0.0	0.0	0.0	0.0
C03194	4.393	4.423	4.585	4.747	4.777
C04419	2.615	2.703	3.17	3.637	3.725
C01528	-4.823	-4.795	-4.644	-4.493	-4.465
C02938	4.385	4.412	4.5545	4.697	4.724
C00750	0.0	0.0	0.0	0.0	0.0
C04752	-0.592	-0.499	0.0	0.499	0.592
C04751	-0.599	-0.505	0.0	0.505	0.599
C00763	1.989	2.083	2.585	3.087	3.181
C01134	-4.017	-3.929	-3.459	-2.989	-2.901
C01137	-0.526	-0.443	0.0	0.443	0.526
C00092	-5.638	-5.62	-5.524	-5.428	-5.41
C06035	0.0	0.0	0.0	0.0	0.0
C02226	0.0	0.0	0.0	0.0	0.0
C03511	-4.869	-4.843	-4.7	-4.557	-4.531
C03512	-4.784	-4.752	-4.585	-4.418	-4.386
C06033	0.0	0.0	0.0	0.0	0.0
C12147	1.007	1.098	1.585	2.072	2.163
C00329	4.993	5.014	5.129	5.244	5.265
C04462	-0.377	-0.318	0.0	0.318	0.377
C06408	4.518	4.546	4.7	4.854	4.882
C02741	0.0	0.0	0.0	0.0	0.0
C06407	-0.59	-0.497	0.0	0.497	0.59
C06406	4.518	4.547	4.7	4.853	4.882
C20373	-0.589	-0.496	0.0	0.496	0.589
C20372	-0.584	-0.492	0.0	0.492	0.584
C20377	-0.589	-0.496	0.0	0.496	0.589
C20376	-0.584	-0.492	0.0	0.492	0.584
C20375	4.477	4.503	4.644	4.785	4.811
C20374	-4.969	-4.944	-4.807	-4.67	-4.645
C05897	-0.571	-0.481	0.0	0.481	0.571
C20378	-4.969	-4.944	-4.807	-4.67	-4.645
C00804	-4.841	-4.815	-4.672	-4.529	-4.503
C00969	4.296	4.322	4.459	4.596	4.622
C11545	0.41	0.503	1.0	1.497	1.59
C00966	-0.503	-0.424	0.0	0.424	0.503
C11540	-0.59	-0.497	0.0	0.497	0.59
C11542	-0.574	-0.483	0.0	0.483	0.574
C11543	-0.56	-0.471	0.0	0.471	0.56
C02282	0.0	0.0	0.0	0.0	0.0
C04916	1.992	2.086	2.585	3.084	3.178
C00415	-4.735	-4.707	-4.5545	-4.402	-4.374
C00416	-2.99	-2.905	-2.4535	-2.002	-1.917
C00417	0.0	0.0	0.0	0.0	0.0
C03460	-4.811	-4.785	-4.644	-4.503	-4.477
C04851	-0.571	-0.481	0.0	0.481	0.571
C03345	0.0	0.0	0.0	0.0	0.0
C00993	-1.598	-1.504	-1.0	-0.496	-0.402
C00620	4.906	4.927	5.044	5.161	5.182
C11355	-3.77	-3.675	-3.17	-2.665	-2.57
C05951	-4.869	-4.843	-4.7	-4.557	-4.531
C05576	0.0	0.0	0.0	0.0	0.0
C05577	0.0	0.0	0.0	0.0	0.0
C03263	4.537	4.563	4.7	4.837	4.863
C00378	0.0	0.0	0.0	0.0	0.0
C00242	1.861	1.954	2.4535	2.953	3.046
C00245	4.531	4.557	4.7	4.843	4.869
C00246	0.0	0.0	0.0	0.0	0.0
C00624	0.41	0.503	1.0	1.497	1.59
C16587	-4.765	-4.737	-4.585	-4.433	-4.405
C02170	-4.841	-4.815	-4.672	-4.529	-4.503
C00568	-1.877	-1.785	-1.2925	-0.8	-0.708
C01099	4.41	4.438	4.585	4.732	4.76
C01097	4.847	4.871	5.0	5.129	5.153
C01096	-4.512	-4.416	-3.907	-3.398	-3.302
C01094	-3.182	-3.088	-2.585	-2.082	-1.988
C05682	4.453	4.479	4.6145	4.75	4.776
C00341	0.0	0.0	0.0	0.0	0.0
C00342	3.319	3.412	3.907	4.402	4.495
C00343	-4.499	-4.405	-3.907	-3.409	-3.315
C00344	4.54	4.565	4.7	4.835	4.86
C05684	4.465	4.493	4.644	4.795	4.823
C00061	0.0	0.0	0.0	0.0	0.0
C00060	-4.724	-4.697	-4.5545	-4.412	-4.385
C00063	5.601	5.616	5.7	5.784	5.799
C00062	5.023	5.047	5.17	5.293	5.317
C00065	2.509	2.586	3.0	3.414	3.491
C00064	3.305	3.384	3.807	4.23	4.309
C11811	-0.58	-0.489	0.0	0.489	0.58
C16633	4.396	4.426	4.585	4.744	4.774
C04675	4.406	4.434	4.585	4.736	4.764
C16631	-4.747	-4.717	-4.5545	-4.392	-4.362
C04677	-2.92	-2.825	-2.322	-1.819	-1.724
C16635	4.336	4.366	4.524	4.682	4.712
C16634	-4.774	-4.744	-4.585	-4.426	-4.396
C19673	4.477	4.503	4.644	4.785	4.811
C03752	5.464	5.483	5.585	5.687	5.706
C05923	0.0	0.0	0.0	0.0	0.0
C05922	0.0	0.0	0.0	0.0	0.0
C05921	0.0	0.0	0.0	0.0	0.0
C00748	0.0	0.0	0.0	0.0	0.0
C04079	4.412	4.439	4.585	4.731	4.758
C00668	-4.251	-4.164	-3.7	-3.236	-3.149
C01268	0.0	0.0	0.0	0.0	0.0
C00666	0.457	0.543	1.0	1.457	1.543
C00663	-0.571	-0.481	0.0	0.481	0.571
C02163	-4.784	-4.757	-4.6145	-4.472	-4.445
C00988	4.417	4.443	4.585	4.727	4.753
C00989	4.407	4.435	4.585	4.735	4.763
C00114	-4.779	-4.748	-4.585	-4.422	-4.391
C00117	-3.758	-3.665	-3.17	-2.675	-2.582
C00116	0.0	0.0	0.0	0.0	0.0
C00111	-0.428	-0.361	0.0	0.361	0.428
C02380	4.344	4.372	4.524	4.676	4.704
C00112	-0.562	-0.473	0.0	0.473	0.562
C00119	1.901	1.968	2.322	2.676	2.743
C00118	2.047	2.132	2.585	3.038	3.123
C06416	-4.649	-4.619	-4.459	-4.299	-4.269
C11929	4.414	4.441	4.585	4.729	4.756
C01346	-3.106	-3.024	-2.585	-2.146	-2.064
C11924	-4.841	-4.815	-4.672	-4.529	-4.503
C05750	-0.538	-0.453	0.0	0.453	0.538
C05751	-0.596	-0.502	0.0	0.502	0.596
C14145	4.417	4.443	4.585	4.727	4.753
C05753	-0.538	-0.453	0.0	0.453	0.538
C05754	-0.596	-0.502	0.0	0.502	0.596
C05755	-0.581	-0.489	0.0	0.489	0.581
C05756	-0.584	-0.492	0.0	0.492	0.584
C05757	-0.589	-0.496	0.0	0.496	0.589
C05758	-0.596	-0.502	0.0	0.502	0.596
C05759	-0.584	-0.492	0.0	0.492	0.584
C05811	-4.757	-4.73	-4.585	-4.44	-4.413
C05810	4.413	4.44	4.585	4.73	4.757
C00236	0.0	0.0	0.0	0.0	0.0
C00188	2.799	2.882	3.322	3.762	3.845
C00189	3.221	3.314	3.807	4.3	4.393
C00186	0.0	0.0	0.0	0.0	0.0
C00185	-4.83	-4.801	-4.644	-4.487	-4.458
C00183	4.476	4.502	4.644	4.786	4.812
C00180	-4.724	-4.697	-4.5545	-4.412	-4.385
C00181	-0.582	-0.49	0.0	0.49	0.582
C02909	4.996	5.017	5.129	5.241	5.262
C00159	5.412	5.429	5.524	5.619	5.636
C04216	-4.868	-4.842	-4.7	-4.558	-4.532
C04051	-4.815	-4.788	-4.644	-4.5	-4.473
C00158	0.0	0.0	0.0	0.0	0.0
C04352	-0.32	-0.27	0.0	0.27	0.32
C02553	-4.863	-4.837	-4.7	-4.563	-4.537
C16348	-1.391	-1.329	-1.0	-0.671	-0.609
C02946	-4.841	-4.815	-4.672	-4.529	-4.503
C16586	4.405	4.433	4.585	4.737	4.765
C05378	-0.548	-0.461	0.0	0.461	0.548
C00015	-0.496	-0.418	0.0	0.418	0.496
C05100	-4.747	-4.717	-4.5545	-4.392	-4.362
C06148	0.0	0.0	0.0	0.0	0.0
C00151	4.531	4.557	4.7	4.843	4.869
C05823	-4.683	-4.653	-4.4915	-4.33	-4.3
C02988	-4.881	-4.853	-4.7	-4.547	-4.519
C16551	-4.765	-4.737	-4.585	-4.433	-4.405
C06715	4.344	4.372	4.524	4.676	4.704
C06714	-4.756	-4.729	-4.585	-4.441	-4.414
C16466	-4.764	-4.736	-4.585	-4.434	-4.406
C16219	-0.584	-0.492	0.0	0.492	0.584
C09306	-4.718	-4.687	-4.524	-4.361	-4.33
C00254	-0.366	-0.308	0.0	0.308	0.366
C16237	-4.792	-4.764	-4.6145	-4.465	-4.437
C00931	4.393	4.423	4.585	4.747	4.777
C04327	-2.919	-2.825	-2.322	-1.819	-1.725
C16238	0.0	0.0	0.0	0.0	0.0
C18239	-5.327	-5.305	-5.1895	-5.074	-5.052
C00446	4.268	4.298	4.459	4.62	4.65
C00445	-0.513	-0.432	0.0	0.432	0.513
C01762	5.074	5.095	5.209	5.323	5.344
C00441	-2.476	-2.401	-2.0	-1.599	-1.524
C00440	-1.349	-1.294	-1.0	-0.706	-0.651
C04281	0.0	0.0	0.0	0.0	0.0
C00526	2.999	3.091	3.585	4.079	4.171
C00527	-4.704	-4.676	-4.524	-4.372	-4.344
C11453	-0.543	-0.457	0.0	0.457	0.543
C00522	-0.504	-0.425	0.0	0.425	0.504
C00448	2.11	2.185	2.585	2.985	3.06
C04882	-0.585	-0.493	0.0	0.493	0.585
C01024	-4.777	-4.747	-4.585	-4.423	-4.393
C12739	-4.712	-4.682	-4.524	-4.366	-4.336
C00009	-4.881	-4.852	-4.7	-4.548	-4.519
C01909	0.0	0.0	0.0	0.0	0.0
C00068	-0.343	-0.289	0.0	0.289	0.343
C04133	-0.558	-0.47	0.0	0.47	0.558
C03838	-0.594	-0.5	0.0	0.5	0.594
C00288	5.502	5.52	5.615	5.71	5.728
C03722	-0.589	-0.496	0.0	0.496	0.589
C05402	-4.783	-4.756	-4.6145	-4.473	-4.446
C04619	-0.543	-0.457	0.0	0.457	0.543
C05404	-4.783	-4.756	-4.6145	-4.473	-4.446
C03939	-0.454	-0.382	0.0	0.382	0.454
C00054	-4.649	-4.619	-4.459	-4.299	-4.269
C04039	-0.575	-0.484	0.0	0.484	0.575
C00627	-4.88	-4.852	-4.7	-4.548	-4.52
C00459	5.714	5.729	5.807	5.885	5.9
C01228	-4.773	-4.743	-4.585	-4.427	-4.397
C00239	0.0	0.0	0.0	0.0	0.0
C00725	4.437	4.465	4.6145	4.764	4.792
C00231	-3.031	-2.961	-2.585	-2.209	-2.139
C00232	-0.392	-0.33	0.0	0.33	0.392
C00233	-4.752	-4.726	-4.585	-4.444	-4.418
C00234	1.835	1.912	2.322	2.732	2.809
C00235	-0.541	-0.456	0.0	0.456	0.541
C01613	4.446	4.473	4.6145	4.756	4.783
C00237	-0.353	-0.297	0.0	0.297	0.353
C00010	-3.474	-3.384	-2.9035	-2.423	-2.333
C05984	4.3	4.33	4.4915	4.653	4.683
C00012	4.463	4.491	4.644	4.797	4.825
C00014	-4.455	-4.369	-3.907	-3.445	-3.359
C05980	-4.86	-4.835	-4.7	-4.565	-4.54
C00016	0.0	0.0	0.0	0.0	0.0
C00018	-4.88	-4.852	-4.7	-4.548	-4.52
C00019	-1.501	-1.422	-1.0	-0.578	-0.499
C00153	-5.307	-5.286	-5.17	-5.054	-5.033
C00152	1.056	1.14	1.585	2.03	2.114
C00155	-4.487	-4.395	-3.907	-3.419	-3.327
C02835	-4.841	-4.815	-4.672	-4.529	-4.503
C05714	4.385	4.412	4.5545	4.697	4.724
C05715	4.385	4.412	4.5545	4.697	4.724
C05711	-4.869	-4.843	-4.7	-4.557	-4.531
C02713	4.414	4.441	4.585	4.729	4.756
C02336	-0.598	-0.504	0.0	0.504	0.598
C14108	-4.756	-4.729	-4.585	-4.441	-4.414
C02331	0.0	0.0	0.0	0.0	0.0
C00058	2.273	2.357	2.807	3.257	3.341
C06320	0.0	0.0	0.0	0.0	0.0
C04620	-0.543	-0.457	0.0	0.457	0.543
C00655	-3.513	-3.432	-3.0	-2.568	-2.487
C00301	4.418	4.444	4.585	4.726	4.752
C00302	-4.724	-4.697	-4.5545	-4.412	-4.385
C00718	-0.472	-0.397	0.0	0.397	0.472
C02232	-4.753	-4.727	-4.585	-4.443	-4.417
C14089	4.996	5.017	5.129	5.241	5.262
C14107	4.414	4.441	4.585	4.729	4.756
C14086	4.414	4.441	4.585	4.729	4.756
C14087	-4.756	-4.729	-4.585	-4.441	-4.414
C17551	-4.757	-4.73	-4.585	-4.44	-4.413
C17556	-2.178	-2.084	-1.585	-1.086	-0.992
C04442	-0.455	-0.383	0.0	0.383	0.455
C01127	4.369	4.394	4.524	4.654	4.679
C06188	-0.592	-0.498	0.0	0.498	0.592
C05665	4.503	4.529	4.672	4.815	4.841
C03058	4.414	4.441	4.585	4.729	4.756
C06186	5.077	5.098	5.209	5.32	5.341
C06187	-3.915	-3.821	-3.322	-2.823	-2.729
C18902	4.465	4.493	4.644	4.795	4.823
C03294	-4.756	-4.729	-4.585	-4.441	-4.414
C02051	2.412	2.505	3.0	3.495	3.588
C03114	4.202	4.232	4.392	4.552	4.582
C06611	0.0	0.0	0.0	0.0	0.0
C06612	0.0	0.0	0.0	0.0	0.0
C04088	-4.738	-4.714	-4.585	-4.456	-4.432
C06614	0.0	0.0	0.0	0.0	0.0
C06615	0.0	0.0	0.0	0.0	0.0
C06755	0.0	0.0	0.0	0.0	0.0
C06754	0.0	0.0	0.0	0.0	0.0
C00979	4.737	4.76	4.8825	5.005	5.028
C00877	-0.285	-0.24	0.0	0.24	0.285
C16273	-3.4	-3.306	-2.807	-2.308	-2.214
C16272	4.907	4.929	5.044	5.159	5.181
C04246	-0.596	-0.502	0.0	0.502	0.596
C00409	-4.762	-4.734	-4.585	-4.436	-4.408
C03373	-0.572	-0.482	0.0	0.482	0.572
C16074	4.385	4.412	4.5545	4.697	4.724
C04778	0.49	0.571	1.0	1.429	1.51
C00407	4.508	4.538	4.7	4.862	4.892
C01401	-4.724	-4.697	-4.5545	-4.412	-4.385
C01151	-4.699	-4.671	-4.524	-4.377	-4.349
C06056	-4.754	-4.728	-4.585	-4.442	-4.416
C06506	0.0	0.0	0.0	0.0	0.0
C06055	4.416	4.442	4.585	4.728	4.754
C03479	4.434	4.463	4.6145	4.766	4.795
C01412	4.266	4.297	4.459	4.621	4.652
C06114	-4.869	-4.843	-4.7	-4.557	-4.531
C06508	-0.575	-0.484	0.0	0.484	0.575
C06509	-0.399	-0.336	0.0	0.336	0.399
C09332	-4.735	-4.707	-4.5545	-4.402	-4.374
C06032	-2.805	-2.728	-2.322	-1.916	-1.839
C01157	0.0	0.0	0.0	0.0	0.0
C02576	4.503	4.529	4.672	4.815	4.841
C03972	-0.468	-0.394	0.0	0.394	0.468
C03974	-4.704	-4.676	-4.524	-4.372	-4.344
C00577	1.011	1.102	1.585	2.068	2.159
C01300	2.593	2.684	3.17	3.656	3.747
C00279	-1.573	-1.482	-1.0	-0.518	-0.427
C13632	0.0	0.0	0.0	0.0	0.0
C01304	-0.582	-0.49	0.0	0.49	0.582
C01801	4.473	4.5	4.644	4.788	4.815
C00275	-4.725	-4.638	-4.17	-3.702	-3.615
C00270	4.506	4.533	4.672	4.811	4.838
C00900	-0.571	-0.481	0.0	0.481	0.571
C00479	4.296	4.322	4.459	4.596	4.622
C00475	-0.3	-0.253	0.0	0.253	0.3
C12215	-4.757	-4.73	-4.585	-4.44	-4.413
C12214	4.413	4.44	4.585	4.73	4.757
C00294	3.127	3.218	3.7	4.182	4.273
C00295	0.0	0.0	0.0	0.0	0.0
C00357	-0.526	-0.443	0.0	0.443	0.526
C05698	-0.583	-0.491	0.0	0.491	0.583
C01267	-0.352	-0.296	0.0	0.296	0.352
C00353	-4.565	-4.538	-4.392	-4.246	-4.219
C00352	-2.564	-2.475	-2.0	-1.525	-1.436
C00299	-0.312	-0.263	0.0	0.263	0.312
C02166	4.531	4.557	4.7	4.843	4.869
C04666	-3.146	-3.058	-2.585	-2.112	-2.024
C01269	-0.481	-0.405	0.0	0.405	0.481
C05979	-4.622	-4.596	-4.459	-4.322	-4.296
C05898	-4.607	-4.579	-4.4255	-4.272	-4.244
C05893	-4.607	-4.579	-4.4255	-4.272	-4.244
C05892	4.268	4.298	4.459	4.62	4.65
C05596	-4.704	-4.676	-4.524	-4.372	-4.344
C01279	0.427	0.517	1.0	1.483	1.573
C04046	0.0	0.0	0.0	0.0	0.0
C05382	-0.464	-0.39	0.0	0.39	0.464
C00120	-0.51	-0.43	0.0	0.43	0.51
C00121	4.473	4.5	4.644	4.788	4.815
C00122	-0.217	-0.183	0.0	0.183	0.217
C00123	4.349	4.376	4.524	4.672	4.699
C00129	-0.532	-0.448	0.0	0.448	0.532
C15532	4.48	4.506	4.644	4.782	4.808
C00356	0.0	0.0	0.0	0.0	0.0
C11934	-4.756	-4.729	-4.585	-4.441	-4.414
C15973	4.963	4.986	5.108	5.23	5.253
C03028	-4.633	-4.606	-4.459	-4.312	-4.285
C05749	-0.581	-0.489	0.0	0.489	0.581
C20589	-5.706	-5.687	-5.585	-5.483	-5.464
C05747	-0.589	-0.496	0.0	0.496	0.589
C05746	-0.584	-0.492	0.0	0.492	0.584
C05745	-0.581	-0.489	0.0	0.489	0.581
C05744	-3.353	-3.267	-2.807	-2.347	-2.261
C03150	5.033	5.054	5.17	5.286	5.307
C04618	-0.506	-0.426	0.0	0.426	0.506
C02091	-4.864	-4.838	-4.7	-4.562	-4.536
C00726	4.385	4.412	4.5545	4.697	4.724
C00055	0.0	0.0	0.0	0.0	0.0
C03539	-0.078	0.013	0.5	0.987	1.078
C00199	2.027	2.115	2.585	3.055	3.143
C00051	4.531	4.557	4.7	4.843	4.869
C00052	-0.492	-0.414	0.0	0.414	0.492
C00194	-5.205	-5.183	-5.0655	-4.948	-4.926
C00197	-3.719	-3.633	-3.17	-2.707	-2.621
C03785	-2.914	-2.82	-2.322	-1.824	-1.73
C02714	-4.801	-4.772	-4.6145	-4.457	-4.428
C00192	4.27	4.3	4.459	4.618	4.648
C00354	-0.285	-0.24	0.0	0.24	0.285
C00011	1.789	1.873	2.322	2.771	2.855
C01118	0.0	0.0	0.0	0.0	0.0
C01050	-0.569	-0.479	0.0	0.479	0.569
C04574	0.411	0.504	1.0	1.496	1.589
C05130	4.503	4.529	4.672	4.815	4.841
C00206	-4.016	-3.928	-3.459	-2.99	-2.902
C06156	0.0	0.0	0.0	0.0	0.0
C04807	-0.59	-0.497	0.0	0.497	0.59
C20423	-0.589	-0.496	0.0	0.496	0.589
C20422	-4.886	-4.797	-4.322	-3.847	-3.758
C03492	-0.583	-0.491	0.0	0.491	0.583
C02457	-4.622	-4.596	-4.459	-4.322	-4.296
C06010	-0.504	-0.424	0.0	0.424	0.504
C00831	4.412	4.439	4.585	4.731	4.758
